name,mean_s,std_s
opencv,0.01112859800005026,0.00041007589490923713
native_loops,5.361277953600075,0.3720838668544147
native_vectorized,0.017379905799953122,0.0012694145782450067
